{
  "profile": "baseline_cc",
  "elapsed_s": 0.7842419147491455,
  "steps": [
    "Charge at 1.5C for 32 minutes",
    "Rest for 10 minutes"
  ],
  "t_s": [
    0.0,
    0.004673594112315492,
    0.009347188224630983,
    0.018694376449261967,
    0.03738875289852393,
    0.07477750579704787,
    0.14955501159409573,
    0.2243325173911436,
    0.37388752898523936,
    0.523442540579335,
    0.6729975521734308,
    0.9721075753616223,
    1.2712175985498138,
    1.8694376449261967,
    2.4676576913025796,
    3.0658777376789628,
    3.664097784055346,
    4.262317830431729,
    4.860537876808112,
    6.056977969560878,
    7.253418062313644,
    8.44985815506641,
    9.646298247819177,
    10.842738340571943,
    12.03917843332471,
    13.235618526077475,
    14.432058618830242,
    15.628498711583008,
    18.02137889708854,
    20.41425908259407,
    25.200019453605137,
    29.167527825691327,
    33.13503619777752,
    37.1025445698637,
    41.07005294194989,
    45.037561314036076,
    49.00506968612226,
    52.97257805820845,
    56.940086430294635,
    60.90759480238082,
    68.8426115465532,
    75.67312174624092,
    82.50363194592865,
    89.33414214561637,
    96.16465234530409,
    102.99516254499181,
    109.82567274467954,
    116.65618294436726,
    122.80364212408621,
    128.12381625476172,
    133.44399038543725,
    138.76416451611277,
    144.0843386467883,
    147.49181798565297,
    150.89929732451765,
    154.30677666338232,
    157.714256002247,
    164.52921467997632,
    170.3395602730951,
    175.51566405054217,
    180.17415745024454,
    184.10112942060846,
    187.63540419393598,
    190.6792683947892,
    193.41874617555712,
    195.73956974372103,
    197.82831095506856,
    199.5597764836395,
    201.07540714625503,
    202.32300342888786,
    203.0382010396623,
    203.75339865043676,
    204.26374251562194,
    204.77408638080712,
    205.12447239883485,
    205.4748584168626,
    205.715115437761,
    205.9553724586594,
    206.19562947955782,
    206.3964430551074,
    206.577175273102,
    206.6815654401347,
    206.7859556071674,
    206.87990675749685,
    206.9345031366036,
    206.98909951571036,
    207.02403773429046,
    207.05897595287055,
    207.09042034959262,
    207.10923402307816,
    207.1280476965637,
    207.13999160686456,
    207.1519355171654,
    207.1626850364362,
    207.17163481059828,
    207.17701772217706,
    207.18240063375583,
    207.18724525417673,
    207.19141610198523,
    207.19500355963544,
    207.1979950142755,
    207.2004742674226,
    207.202705595255,
    207.2045942888306,
    207.20626035097544,
    207.20768210504164,
    207.2077422136229
  ],
  "voltage_V": [
    4.3635628948718,
    4.3636140855744365,
    4.363665256610369,
    4.363767483756116,
    4.363971328521201,
    4.3643772689697755,
    4.365178449831512,
    4.365972989611871,
    4.367536939643609,
    4.369079427586278,
    4.370601818020619,
    4.373606047912731,
    4.376546394617549,
    4.382244354686559,
    4.387718761486331,
    4.392993076932542,
    4.398086234101695,
    4.403009960574684,
    4.407777034551147,
    4.416882062806461,
    4.425485276724436,
    4.433623712362682,
    4.441362476903523,
    4.448699091028573,
    4.455729769202888,
    4.462437492905474,
    4.468858250875455,
    4.475014172506459,
    4.486600866989412,
    4.4973430228722115,
    4.516677373234927,
    4.530953025270683,
    4.543916090139382,
    4.555776204184825,
    4.566693067043112,
    4.576794708067719,
    4.586199044847193,
    4.595001523705932,
    4.603280703492343,
    4.611104640789453,
    4.625639896955882,
    4.637206127617109,
    4.648113822658797,
    4.658527970803163,
    4.668643497201385,
    4.678489566040614,
    4.688407248323251,
    4.69814282282797,
    4.707111624302014,
    4.715007001506139,
    4.7230754729434,
    4.731407743019144,
    4.739987265718256,
    4.745776132471712,
    4.751636645713556,
    4.757716296219197,
    4.764029107835343,
    4.777483947014218,
    4.790058183614027,
    4.802332789136436,
    4.814584010450364,
    4.826020862403367,
    4.83752308494098,
    4.848588910243405,
    4.859840025804838,
    4.870616507742783,
    4.881713592565024,
    4.892311958538944,
    4.903101266504237,
    4.913469136326251,
    4.92039377862805,
    4.928227883436135,
    4.93460537687997,
    4.941860907134789,
    4.947681852797526,
    4.954240722498839,
    4.959441246919679,
    4.965354215748613,
    4.972403225919903,
    4.979524028526844,
    4.9874330769062585,
    4.993032953702437,
    4.99981352530909,
    5.0074865142322516,
    5.013018914863087,
    5.01982303692219,
    5.0251640076334265,
    5.031714113282897,
    5.039250021992286,
    5.0448964427915435,
    5.051912319208604,
    5.057421971373335,
    5.064195278099994,
    5.07196299466851,
    5.0802962060187,
    5.08657418336985,
    5.09428157937028,
    5.1030052516850875,
    5.112500074768375,
    5.122851467107935,
    5.133798853501174,
    5.145087950349187,
    5.157657414396322,
    5.170732902351241,
    5.184836359988463,
    5.19932188007179,
    5.200000000031528
  ],
  "overpotential_V": [
    0.14411107454225242,
    0.14411766399892975,
    0.14412428183917111,
    0.14413748050338432,
    0.14416366340049308,
    0.14421538912603787,
    0.14431494893010416,
    0.14441198562116256,
    0.14459702832890986,
    0.14477451074193398,
    0.14494516578678357,
    0.1452729352895256,
    0.14558115787241588,
    0.1461508772596277,
    0.14666980740389773,
    0.14715173117900787,
    0.14760645818377124,
    0.14803986183076098,
    0.14845592359124715,
    0.1492480562985924,
    0.15000854376481926,
    0.15073259627415792,
    0.15144203863671088,
    0.15210558525254064,
    0.15277720143807233,
    0.1534229904251614,
    0.1540542396459934,
    0.1546719097384528,
    0.15586962524464842,
    0.15702676896272705,
    0.15922359265988334,
    0.16095355752659535,
    0.16260943349486937,
    0.1642102366064671,
    0.1657652702974727,
    0.1672806490408819,
    0.1687700374489574,
    0.170241164754101,
    0.1716990071000657,
    0.17315570336951308,
    0.17610323618336515,
    0.17870605655361751,
    0.18141838244136196,
    0.18425145861343287,
    0.18729136971803714,
    0.19049218274323332,
    0.19409593507042677,
    0.19781824913836926,
    0.20155582908424435,
    0.2050468910748775,
    0.2088031629915594,
    0.21288718474462792,
    0.21726708660878247,
    0.22036860913110015,
    0.2235684270665152,
    0.22697173064756446,
    0.23059029030405614,
    0.2385369260486152,
    0.2461932363549391,
    0.25391807584686843,
    0.2616587760696434,
    0.2689945349448913,
    0.27637759734676154,
    0.2833955910202072,
    0.2905231308993052,
    0.2972524671213157,
    0.3040875503159823,
    0.3105280301521881,
    0.31704682595500566,
    0.3230355745857895,
    0.3270112519144632,
    0.33142719949522836,
    0.33499699354445733,
    0.3389004907055537,
    0.3421080109541867,
    0.34555624762587317,
    0.3482873231884741,
    0.3512815685085205,
    0.3548225180365147,
    0.35833123752392027,
    0.36209289792222105,
    0.36467899291572686,
    0.36771921240009,
    0.37107108581071063,
    0.37340154380852186,
    0.3761677048023131,
    0.37828346382456807,
    0.38078971531605676,
    0.3835717644546869,
    0.3855703531923978,
    0.38794207732269914,
    0.38974784652761857,
    0.39187762099091444,
    0.3942203163833949,
    0.3965862152172956,
    0.39829179089066047,
    0.40027002832226266,
    0.40240681394212985,
    0.4045835605047885,
    0.4067961491538383,
    0.4089964375156522,
    0.41109234768522857,
    0.4132586426338155,
    0.41534230842514847,
    0.4174666488936953,
    0.4194669483088027,
    0.41956115988664544
  ]
}